{
  "weights": [
    -1.3608462950737716e+279,
    -2.1282294232725748e+279,
    -1.1687788801565543e+278,
    0,
    0,
    -3.893110031318275e+277,
    -1.3608462950737716e+279
  ],
  "bias": -1.1687788801565543e+278,
  "featureNames": [
    "windSpeed",
    "temperature",
    "isWinter",
    "isMorningPeak",
    "isEveningPeak",
    "isWeekend",
    "windSpeed_x_isWinter"
  ]
}